{
  "builds": [
    {
      "id": 1765330872352,
      "name": "BuhH",
      "class": "R4",
      "artifacts": [
        {
          "id": 1765330366788,
          "name": "Coroa",
          "level": 213,
          "position": 1,
          "gems": [
            {
              "element": "fogo",
              "rarity": "Mítico",
              "plus_level": 13,
              "attributes": [
                {
                  "attribute_id": 1765209673667,
                  "remodel": "mítico",
                  "tier": 1
                },
                {
                  "attribute_id": 1765209628027,
                  "remodel": "legendário",
                  "tier": 2
                }
              ]
            },
            {
              "element": "gelo",
              "rarity": "Mítico",
              "plus_level": 13,
              "attributes": [
                {
                  "attribute_id": 1765209543487,
                  "remodel": "mítico",
                  "tier": 2
                },
                {
                  "attribute_id": 1765209594158,
                  "remodel": "raro",
                  "tier": 2
                }
              ]
            },
            {
              "element": "luz",
              "rarity": "Mítico",
              "plus_level": 13,
              "attributes": [
                {
                  "attribute_id": 1765242226305,
                  "remodel": "legendário",
                  "tier": 1
                }
              ]
            },
            {
              "element": "veneno",
              "rarity": "Mítico",
              "plus_level": 13,
              "attributes": [
                {
                  "attribute_id": 1765242530809,
                  "remodel": "legendário",
                  "tier": 2
                },
                {
                  "attribute_id": 1765243349367,
                  "remodel": "mítico",
                  "tier": 1
                }
              ]
            }
          ]
        },
        {
          "id": 1765330366789,
          "name": "Cetro",
          "level": 202,
          "position": 2,
          "gems": [
            {
              "element": "fogo",
              "rarity": "Mítico",
              "plus_level": 14,
              "attributes": [
                {
                  "attribute_id": 1765242804900,
                  "remodel": "mítico",
                  "tier": 1
                },
                {
                  "attribute_id": 1765209681040,
                  "remodel": "raro",
                  "tier": 1
                }
              ]
            },
            {
              "element": "gelo",
              "rarity": "Mítico",
              "plus_level": 13,
              "attributes": [
                {
                  "attribute_id": 1765242199773,
                  "remodel": "mítico",
                  "tier": 1
                },
                {
                  "attribute_id": 1765207392607,
                  "remodel": "épico",
                  "tier": 3
                }
              ]
            },
            {
              "element": "luz",
              "rarity": "Mítico",
              "plus_level": 13,
              "attributes": [
                {
                  "attribute_id": 1765209681040,
                  "remodel": "mítico",
                  "tier": 1
                },
                {
                  "attribute_id": 1765241906546,
                  "remodel": "épico",
                  "tier": 2
                }
              ]
            },
            {
              "element": "veneno",
              "rarity": "Mítico",
              "plus_level": 13,
              "attributes": [
                {
                  "attribute_id": 1765242247346,
                  "remodel": "mítico",
                  "tier": 1
                },
                {
                  "attribute_id": 1765209450240,
                  "remodel": "mítico",
                  "tier": 3
                }
              ]
            }
          ]
        },
        {
          "id": 1765330366790,
          "name": "Bola",
          "level": 200,
          "position": 3,
          "gems": [
            {
              "element": "fogo",
              "rarity": "Mítico",
              "plus_level": 14,
              "attributes": [
                {
                  "attribute_id": 1765209396487,
                  "remodel": "mítico",
                  "tier": 3
                }
              ]
            },
            {
              "element": "gelo",
              "rarity": "Mítico",
              "plus_level": 13,
              "attributes": [
                {
                  "attribute_id": 1765209408922,
                  "remodel": "mítico",
                  "tier": 3
                }
              ]
            },
            {
              "element": "luz",
              "rarity": "Legendário",
              "plus_level": 14,
              "attributes": [
                {
                  "attribute_id": 1765242474029,
                  "remodel": "mítico",
                  "tier": 2
                }
              ]
            },
            {
              "element": "veneno",
              "rarity": "Legendário",
              "plus_level": 14,
              "attributes": [
                {
                  "attribute_id": 1765209694646,
                  "remodel": "mítico",
                  "tier": 1
                },
                {
                  "attribute_id": 1765209428018,
                  "remodel": "mítico",
                  "tier": 3
                }
              ]
            }
          ]
        },
        {
          "id": 1765330366791,
          "name": "Anel",
          "level": 205,
          "position": 4,
          "gems": [
            {
              "element": "fogo",
              "rarity": "Mítico",
              "plus_level": 18,
              "attributes": [
                {
                  "attribute_id": 1765209654779,
                  "remodel": "épico",
                  "tier": 2
                },
                {
                  "attribute_id": 1765207358906,
                  "remodel": "mítico",
                  "tier": 3
                }
              ]
            },
            {
              "element": "gelo",
              "rarity": "Épico",
              "plus_level": 16,
              "attributes": [
                {
                  "attribute_id": 1765207392607,
                  "remodel": "mítico",
                  "tier": 3
                }
              ]
            },
            {
              "element": "luz",
              "rarity": "Mítico",
              "plus_level": 17,
              "attributes": [
                {
                  "attribute_id": 1765209555857,
                  "remodel": "mítico",
                  "tier": 2
                },
                {
                  "attribute_id": 1765207381869,
                  "remodel": "mítico",
                  "tier": 3
                }
              ]
            },
            {
              "element": "veneno",
              "rarity": "Mítico",
              "plus_level": 14,
              "attributes": [
                {
                  "attribute_id": 1765209440788,
                  "remodel": "mítico",
                  "tier": 3
                },
                {
                  "attribute_id": 1765209686619,
                  "remodel": "mítico",
                  "tier": 1
                }
              ]
            }
          ]
        }
      ],
      "createdAt": "2025-12-10T01:41:12.352Z",
      "lastUpdated": "2025-12-10T01:41:12.352Z"
    }
  ],
  "masterAttributes": [
    {
      "id": 1765207358906,
      "name": "Tirano",
      "tier": 3,
      "default_element": "fogo"
    },
    {
      "id": 1765207381869,
      "name": "Benção de Deus",
      "tier": 3,
      "default_element": "luz"
    },
    {
      "id": 1765207392607,
      "name": "Enfraquecer Tirano",
      "tier": 3,
      "default_element": "gelo"
    },
    {
      "id": 1765207399175,
      "name": "Hades",
      "tier": 3,
      "default_element": "veneno"
    },
    {
      "id": 1765209396487,
      "name": "Redução de Dano de Tropas",
      "tier": 3,
      "default_element": null
    },
    {
      "id": 1765209408922,
      "name": "Dano de Tropas",
      "tier": 3,
      "default_element": null
    },
    {
      "id": 1765209428018,
      "name": "Capacidade de Herói",
      "tier": 3,
      "default_element": null
    },
    {
      "id": 1765209440788,
      "name": "Poder da Unidade",
      "tier": 3,
      "default_element": null
    },
    {
      "id": 1765209450240,
      "name": "Supressão",
      "tier": 3,
      "default_element": null
    },
    {
      "id": 1765209460385,
      "name": "Atenuar Supressão",
      "tier": 3,
      "default_element": null
    },
    {
      "id": 1765209473208,
      "name": "Taxa de Produção de Primavera",
      "tier": 3,
      "default_element": null
    },
    {
      "id": 1765209489771,
      "name": "Todo Poder das Gemas de Fogo",
      "tier": 3,
      "default_element": "fogo"
    },
    {
      "id": 1765209502309,
      "name": "Todo Poder das Gemas de Luz",
      "tier": 3,
      "default_element": "luz"
    },
    {
      "id": 1765209515940,
      "name": "Todo Poder das Gemas de Gelo",
      "tier": 3,
      "default_element": "gelo"
    },
    {
      "id": 1765209526407,
      "name": "Todo Poder das Gemas de Veneno",
      "tier": 3,
      "default_element": "veneno"
    },
    {
      "id": 1765209574691,
      "name": "Dano de Contra Ataque",
      "tier": 2,
      "default_element": "fogo"
    },
    {
      "id": 1765241953547,
      "name": "Capacidade de Tropa do Héroi de Fogo",
      "tier": 2,
      "default_element": "fogo"
    },
    {
      "id": 1765241986990,
      "name": "Todo Poder das Tropas de Fogo",
      "tier": 2,
      "default_element": "fogo"
    },
    {
      "id": 1765209594158,
      "name": "Dano de Contra Ataque Recebido",
      "tier": 2,
      "default_element": "gelo"
    },
    {
      "id": 1765242126023,
      "name": "Capacidade da Tropa do Herói de Gelo",
      "tier": 2,
      "default_element": "gelo"
    },
    {
      "id": 1765242162340,
      "name": "Todo Poder das Tropas de Gelo",
      "tier": 2,
      "default_element": "gelo"
    },
    {
      "id": 1765242269786,
      "name": "Todo Poder das Tropas de Luz",
      "tier": 2,
      "default_element": "luz"
    },
    {
      "id": 1765242365946,
      "name": "Capacidade da Tropa do Herói de Luz",
      "tier": 2,
      "default_element": "luz"
    },
    {
      "id": 1765242474029,
      "name": "Redução de Dano das Tropas de Guarnição",
      "tier": 2,
      "default_element": "luz"
    },
    {
      "id": 1765242279296,
      "name": "Todo Poder das Tropas de Veneno",
      "tier": 2,
      "default_element": "veneno"
    },
    {
      "id": 1765242373115,
      "name": "Capacidade da Tropa do Herói de Veneno",
      "tier": 2,
      "default_element": "veneno"
    },
    {
      "id": 1765242530809,
      "name": "Dano de Cerco das Tropas",
      "tier": 2,
      "default_element": "veneno"
    },
    {
      "id": 1765209543487,
      "name": "Guardião",
      "tier": 2,
      "default_element": null
    },
    {
      "id": 1765209555857,
      "name": "Sede de Sangue",
      "tier": 2,
      "default_element": null
    },
    {
      "id": 1765209628027,
      "name": "Capacidade dos mortos da Primavera",
      "tier": 2,
      "default_element": null
    },
    {
      "id": 1765209654779,
      "name": "Capacidade de Fonte de Renovação de Primavera",
      "tier": 2,
      "default_element": null
    },
    {
      "id": 1765241906546,
      "name": "Dano de Reunião de Tropas",
      "tier": 2,
      "default_element": null
    },
    {
      "id": 1765209744548,
      "name": "Capacidade das Tropas De Fogo",
      "tier": 1,
      "default_element": "fogo"
    },
    {
      "id": 1765242804900,
      "name": "Todo Poder de Fogo do Herói",
      "tier": 1,
      "default_element": "fogo"
    },
    {
      "id": 1765242564023,
      "name": "Assalto do Herói de Fogo",
      "tier": 1,
      "default_element": "fogo"
    },
    {
      "id": 1765242640084,
      "name": "Hp do Herói de Fogo",
      "tier": 1,
      "default_element": "fogo"
    },
    {
      "id": 1765209778637,
      "name": "Capacidade das Tropas De Gelo",
      "tier": 1,
      "default_element": "gelo"
    },
    {
      "id": 1765242199773,
      "name": "Todo Poder de Gelo do Herói",
      "tier": 1,
      "default_element": "gelo"
    },
    {
      "id": 1765242570170,
      "name": "Assalto do Herói de Gelo",
      "tier": 1,
      "default_element": "gelo"
    },
    {
      "id": 1765242645605,
      "name": "Hp do Herói de Gelo",
      "tier": 1,
      "default_element": "gelo"
    },
    {
      "id": 1765209798209,
      "name": "Capacidade das Tropas De Luz",
      "tier": 1,
      "default_element": "luz"
    },
    {
      "id": 1765242226305,
      "name": "Todo Poder de Luz do Herói",
      "tier": 1,
      "default_element": "luz"
    },
    {
      "id": 1765242611661,
      "name": "Assalto do Herói de Luz",
      "tier": 1,
      "default_element": "luz"
    },
    {
      "id": 1765242651617,
      "name": "Hp do Herói de Luz",
      "tier": 1,
      "default_element": "luz"
    },
    {
      "id": 1765209789078,
      "name": "Capacidade das Tropas De Veneno",
      "tier": 1,
      "default_element": "veneno"
    },
    {
      "id": 1765242247346,
      "name": "Todo Poder de Veneno do Herói",
      "tier": 1,
      "default_element": "veneno"
    },
    {
      "id": 1765242589125,
      "name": "Assalto do Herói de Veneno",
      "tier": 1,
      "default_element": "veneno"
    },
    {
      "id": 1765242657266,
      "name": "Hp do Herói de Veneno",
      "tier": 1,
      "default_element": "veneno"
    },
    {
      "id": 1765209673667,
      "name": "Revival",
      "tier": 1,
      "default_element": null
    },
    {
      "id": 1765209681040,
      "name": "Enfraquecer Revival",
      "tier": 1,
      "default_element": null
    },
    {
      "id": 1765209686619,
      "name": "Massacre",
      "tier": 1,
      "default_element": null
    },
    {
      "id": 1765209694646,
      "name": "Enfraquecer Massacre",
      "tier": 1,
      "default_element": null
    },
    {
      "id": 1765209705989,
      "name": "Recrutamento Rápido",
      "tier": 1,
      "default_element": null
    },
    {
      "id": 1765242702345,
      "name": "Ouro Adicional",
      "tier": 1,
      "default_element": null
    },
    {
      "id": 1765242708490,
      "name": "Madeira Adicional",
      "tier": 1,
      "default_element": null
    },
    {
      "id": 1765242713476,
      "name": "Cristal Adicional",
      "tier": 1,
      "default_element": null
    },
    {
      "id": 1765242717943,
      "name": "Comida Adicional",
      "tier": 1,
      "default_element": null
    },
    {
      "id": 1765243349367,
      "name": "Dano Garantido",
      "tier": 1,
      "default_element": null
    },
    {
      "id": 1765243357237,
      "name": "Redução Dano Garantido",
      "tier": 1,
      "default_element": null
    }
  ],
  "requiredAttributes": [
    {
      "id": 1765207363321,
      "attribute_id": 1765207358906
    },
    {
      "id": 1765207403342,
      "attribute_id": 1765207381869
    },
    {
      "id": 1765207408563,
      "attribute_id": 1765207392607
    },
    {
      "id": 1765207411356,
      "attribute_id": 1765207399175
    },
    {
      "id": 1765209833462,
      "attribute_id": 1765209396487
    },
    {
      "id": 1765209839510,
      "attribute_id": 1765209408922
    },
    {
      "id": 1765209844713,
      "attribute_id": 1765209428018
    },
    {
      "id": 1765209849004,
      "attribute_id": 1765209440788
    },
    {
      "id": 1765209852480,
      "attribute_id": 1765209450240
    },
    {
      "id": 1765209858195,
      "attribute_id": 1765209460385
    },
    {
      "id": 1765209868251,
      "attribute_id": 1765209489771
    },
    {
      "id": 1765209873978,
      "attribute_id": 1765209502309
    },
    {
      "id": 1765209896809,
      "attribute_id": 1765209515940
    },
    {
      "id": 1765209902226,
      "attribute_id": 1765209526407
    },
    {
      "id": 1765209911920,
      "attribute_id": 1765209543487
    },
    {
      "id": 1765209916803,
      "attribute_id": 1765209555857
    },
    {
      "id": 1765209924736,
      "attribute_id": 1765209574691
    },
    {
      "id": 1765209935904,
      "attribute_id": 1765209594158
    },
    {
      "id": 1765210027756,
      "attribute_id": 1765209673667
    },
    {
      "id": 1765210038367,
      "attribute_id": 1765209681040
    },
    {
      "id": 1765210048074,
      "attribute_id": 1765209686619
    },
    {
      "id": 1765210056063,
      "attribute_id": 1765209694646
    }
  ],
  "secondaryAttributes": [
    {
      "id": 1765329578326,
      "attribute_id": 1765243349367
    },
    {
      "id": 1765329585252,
      "attribute_id": 1765243357237
    },
    {
      "id": 1765329592693,
      "attribute_id": 1765209705989
    },
    {
      "id": 1765329607653,
      "attribute_id": 1765242247346
    },
    {
      "id": 1765329618025,
      "attribute_id": 1765209789078
    },
    {
      "id": 1765329626001,
      "attribute_id": 1765242226305
    },
    {
      "id": 1765329633078,
      "attribute_id": 1765209798209
    },
    {
      "id": 1765329640373,
      "attribute_id": 1765242162340
    },
    {
      "id": 1765329651351,
      "attribute_id": 1765209778637
    },
    {
      "id": 1765329658598,
      "attribute_id": 1765242804900
    },
    {
      "id": 1765329669206,
      "attribute_id": 1765209744548
    },
    {
      "id": 1765329681986,
      "attribute_id": 1765241906546
    },
    {
      "id": 1765329695218,
      "attribute_id": 1765209654779
    },
    {
      "id": 1765329699444,
      "attribute_id": 1765209628027
    },
    {
      "id": 1765329716523,
      "attribute_id": 1765242530809
    },
    {
      "id": 1765329729774,
      "attribute_id": 1765242373115
    },
    {
      "id": 1765329737719,
      "attribute_id": 1765242279296
    },
    {
      "id": 1765329750291,
      "attribute_id": 1765242474029
    },
    {
      "id": 1765329755550,
      "attribute_id": 1765242365946
    },
    {
      "id": 1765329775287,
      "attribute_id": 1765242269786
    },
    {
      "id": 1765329815245,
      "attribute_id": 1765242126023
    },
    {
      "id": 1765329902726,
      "attribute_id": 1765241986990
    },
    {
      "id": 1765329906485,
      "attribute_id": 1765241953547
    },
    {
      "id": 1765329913797,
      "attribute_id": 1765209473208
    },
    {
      "id": 1765330000569,
      "attribute_id": 1765242199773
    }
  ],
  "recommendedCombos": [],
  "exportedAt": "2025-12-10T01:46:09.210Z"
}